,round,home_team,away_team,result,Away,Draw,Home,odds_home,odds_draw,odds_away
293,1,Manchester United,Chelsea,Home,0.3309441681276541,0.30733636803351566,0.36171946383883025,2.1,3.3,3.5
284,1,Liverpool,Norwich City,Home,0.12347943793899586,0.17220422137409674,0.7043163406869074,1.14,10.0,19.0
285,1,West Ham United,Manchester City,Away,0.4505397032678476,0.3215138320050018,0.22794646472715058,12.0,6.5,1.22
286,1,AFC Bournemouth,Sheffield United,Draw,0.3225762819375938,0.4067865520451632,0.27063716601724286,1.95,3.6,3.6
287,1,Burnley,Southampton,Home,0.32361036776087315,0.3114900077351569,0.36489962450396946,2.62,3.2,2.75
292,1,Newcastle United,Arsenal,Away,0.36265680909440823,0.4022487368106038,0.2350944540949876,4.5,3.75,1.72
289,1,Watford,Brighton & Hove Albion,Away,0.2709483092031149,0.26197234998352226,0.4670793408133629,1.9,3.4,4.0
290,1,Tottenham Hotspur,Aston Villa,Home,0.2507670920711125,0.21327139287125924,0.5359615150576285,1.3,5.25,10.0
291,1,Leicester City,Wolverhampton Wanderers,Draw,0.32427126457381045,0.3504114186305714,0.3253173167956182,2.2,3.2,3.4
288,1,Crystal Palace,Everton,Draw,0.287188661020237,0.3701741989983681,0.34263713998139456,3.0,3.25,2.37
274,2,Arsenal,Burnley,Home,0.1777709853678072,0.19912349743586058,0.6231055171963322,1.3,5.5,10.0
275,2,Aston Villa,AFC Bournemouth,Away,0.27014352232713457,0.22813181430535376,0.5017246633675116,2.3,3.4,3.1
276,2,Brighton & Hove Albion,West Ham United,Draw,0.1706053286129738,0.2557298934235034,0.5736647779635229,2.55,3.25,2.87
277,2,Everton,Watford,Home,0.1425277157615742,0.281799840239997,0.575672443998429,1.72,3.8,4.75
278,2,Norwich City,Newcastle United,Home,0.2764070878436744,0.2156066661841277,0.5079862459721982,2.25,3.3,3.3
279,2,Southampton,Liverpool,Away,0.5311923651664666,0.21021805450444508,0.25858958032908796,6.5,4.75,1.44
280,2,Manchester City,Tottenham Hotspur,Draw,0.13229165305404464,0.25572415326665415,0.611984193679301,1.36,5.25,8.0
281,2,Sheffield United,Crystal Palace,Home,0.271960074184814,0.33739259322823834,0.3906473325869475,2.55,3.1,2.9
282,2,Chelsea,Leicester City,Draw,0.2766403332929622,0.35201860635615667,0.37134106035088066,1.7,3.75,5.0
283,2,Wolverhampton Wanderers,Manchester United,Draw,0.41603241429025806,0.30851352975799096,0.27545405595175076,3.3,3.3,2.25
264,3,Aston Villa,Everton,Home,0.28871584760512503,0.22694417709029013,0.48433997530458484,3.25,3.5,2.15
265,3,Norwich City,Chelsea,Away,0.4199937600654544,0.2738860541592497,0.30612018577529565,4.33,3.75,1.8
266,3,Brighton & Hove Albion,Southampton,Away,0.30262208134137014,0.2547088840829984,0.44266903457563145,2.4,3.3,3.0
267,3,Manchester United,Crystal Palace,Away,0.2722581311896129,0.28220084870420176,0.4455410201061851,1.33,5.25,9.0
268,3,Sheffield United,Leicester City,Away,0.40263836249015805,0.35166963840208676,0.24569199910775488,3.3,3.3,2.25
269,3,Watford,West Ham United,Away,0.32366658520503383,0.24087427469945893,0.43545914009550735,2.05,3.5,3.5
270,3,Liverpool,Arsenal,Home,0.35916492587667326,0.14058617523689754,0.5002488988864295,1.5,4.6,6.0
271,3,AFC Bournemouth,Manchester City,Away,0.521651350862609,0.2075564184908665,0.27079223064652413,15.0,7.5,1.16
272,3,Tottenham Hotspur,Newcastle United,Away,0.2903838239516072,0.27272908376149,0.4368870922869029,1.2,6.5,14.0
273,3,Wolverhampton Wanderers,Burnley,Draw,0.3692798825688812,0.3343182750406007,0.2964018423905179,1.85,3.4,4.5
255,4,Southampton,Manchester United,Draw,0.2928727415067157,0.3900959329337416,0.3170313255595425,3.8,3.3,2.05
256,4,Crystal Palace,Aston Villa,Home,0.17688598152666654,0.19517783050233592,0.6279361879709974,2.15,3.3,3.5
257,4,Leicester City,AFC Bournemouth,Home,0.22431899512722153,0.18777271749635388,0.5879082873764245,1.7,4.0,4.75
258,4,Manchester City,Brighton & Hove Albion,Home,0.158852780248138,0.14082108743348104,0.7003261323183806,1.08,10.0,26.0
259,4,Newcastle United,Watford,Draw,0.23350150344873344,0.33004657663372783,0.43645191991753846,2.5,3.25,2.87
260,4,West Ham United,Norwich City,Home,0.23060601180144757,0.22024571479631022,0.5491482734022423,1.85,3.9,3.9
261,4,Burnley,Liverpool,Away,0.5844057672037671,0.1523582175836456,0.26323601521258716,9.5,5.5,1.3
262,4,Everton,Wolverhampton Wanderers,Home,0.325855987979965,0.32072845835110947,0.35341555366892535,2.2,3.25,3.5
263,4,Arsenal,Tottenham Hotspur,Draw,0.13261057055840192,0.2987609102973124,0.5686285191442856,2.37,3.6,2.8
245,5,Liverpool,Newcastle United,Home,0.13508380337449866,0.12061642242122572,0.7442997742042752,1.14,8.5,17.0
246,5,Brighton & Hove Albion,Burnley,Draw,0.34057782082969035,0.3411984339399454,0.318223745230364,2.15,3.3,3.5
247,5,Manchester United,Leicester City,Home,0.24817735637132243,0.30041494586427236,0.4514076977644049,1.95,3.5,4.0
248,5,Sheffield United,Southampton,Away,0.31089560213617107,0.28689696063456116,0.4022074372292675,2.45,3.2,3.0
254,5,Aston Villa,West Ham United,Draw,0.18365090015845772,0.3095523226613053,0.5067967771802371,2.62,3.5,2.6
250,5,Wolverhampton Wanderers,Chelsea,Away,0.470649927318894,0.2862520929982666,0.24309797968283933,2.9,3.3,2.5
251,5,Norwich City,Manchester City,Home,0.5511624309099585,0.1623389099836682,0.28649865910637323,15.0,9.0,1.14
252,5,AFC Bournemouth,Everton,Home,0.2868951731113595,0.26537858040502593,0.4477262464836147,2.9,3.5,2.4
253,5,Watford,Arsenal,Draw,0.2978092310373599,0.3990125306563786,0.3031782383062615,3.6,3.6,2.0
249,5,Tottenham Hotspur,Crystal Palace,Home,0.2262944593822889,0.3255674539739216,0.4481380866437892,1.36,5.25,8.0
236,6,Leicester City,Tottenham Hotspur,Home,0.2658204083206411,0.2627035628060746,0.4714760288732841,2.87,3.5,2.37
237,6,Burnley,Norwich City,Home,0.21268520471580366,0.19000485669886222,0.5973099385853341,2.0,3.8,3.5
238,6,Everton,Sheffield United,Away,0.2812181260468834,0.32134567689902427,0.39743619705409194,1.61,3.75,6.0
239,6,Manchester City,Watford,Home,0.13331432800918838,0.15061900994999486,0.7160666620408165,1.1,11.0,21.0
235,6,Southampton,AFC Bournemouth,Away,0.24507873987791606,0.18986846227340512,0.5650527978486788,2.05,3.6,3.5
241,6,Crystal Palace,Wolverhampton Wanderers,Draw,0.3520631088390133,0.35098592942156204,0.2969509617394246,2.62,3.1,2.87
242,6,West Ham United,Manchester United,Home,0.2842514631978635,0.3045067032257267,0.41124183357640975,3.1,3.6,2.2
243,6,Arsenal,Aston Villa,Home,0.1630999287808875,0.1960492866025366,0.6408507846165762,1.4,4.75,8.0
244,6,Chelsea,Liverpool,Away,0.5333696623074711,0.15259126540005596,0.3140390722924727,3.5,3.75,2.0
240,6,Newcastle United,Brighton & Hove Albion,Draw,0.2044312555104756,0.3556352556050975,0.43993348888442674,2.5,3.2,3.0
226,7,AFC Bournemouth,West Ham United,Draw,0.24876979039206493,0.276141383671266,0.4750888259366691,2.5,3.5,2.75
227,7,Aston Villa,Burnley,Draw,0.3414709790372038,0.3520121556443096,0.30651686531848665,2.3,3.4,3.1
228,7,Chelsea,Brighton & Hove Albion,Home,0.18335408283912297,0.18759424913266567,0.6290516680282111,1.4,4.75,8.0
229,7,Crystal Palace,Norwich City,Home,0.17481052219622073,0.2002784289742258,0.6249110488295535,1.9,3.75,3.75
230,7,Tottenham Hotspur,Southampton,Home,0.24062292159191018,0.30167767843328147,0.45769939997480813,1.4,4.75,8.0
232,7,Everton,Manchester City,Away,0.5580950191788892,0.17334612096102994,0.26855885986008066,10.0,5.5,1.3
233,7,Leicester City,Newcastle United,Home,0.23670586001572672,0.22529630437802267,0.5379978356062505,1.5,4.0,7.5
234,7,Manchester United,Arsenal,Draw,0.2500413226874129,0.3308843168194508,0.4190743604931361,2.37,3.5,2.9
231,7,Wolverhampton Wanderers,Watford,Home,0.19617298411003253,0.22664294202265992,0.5771840738673075,1.85,3.4,4.5
218,8,Liverpool,Leicester City,Home,0.23859697272627006,0.1367133415629988,0.6246896857107314,1.44,4.75,7.0
217,8,Burnley,Everton,Home,0.2559891017947074,0.26847765298898124,0.47553324521631124,2.87,3.3,2.5
220,8,Watford,Sheffield United,Draw,0.300709147428555,0.38533958491422043,0.3139512676572243,2.05,3.4,3.6
216,8,Brighton & Hove Albion,Tottenham Hotspur,Home,0.27623142787141103,0.2624843601067307,0.4612842120218582,3.9,3.6,1.9
222,8,Arsenal,AFC Bournemouth,Home,0.1730168981361671,0.19494240666534562,0.632040695198487,1.44,4.75,7.0
221,8,West Ham United,Crystal Palace,Away,0.3580946782902262,0.28309102137658926,0.3588143003331844,1.95,3.6,3.8
225,8,Newcastle United,Manchester United,Home,0.36580814746514995,0.2520163549985808,0.3821754975362693,4.5,3.5,1.85
219,8,Norwich City,Aston Villa,Away,0.3422182409902952,0.26133100121726527,0.39645075779243943,2.37,3.6,2.8
223,8,Manchester City,Wolverhampton Wanderers,Away,0.24596464621081413,0.16210178819956522,0.5919335655896204,1.12,9.0,21.0
224,8,Southampton,Chelsea,Away,0.4424457581784668,0.286900717091622,0.270653524729911,4.0,3.8,1.85
214,9,Crystal Palace,Manchester City,Away,0.564556994593457,0.13617506397199924,0.2992679414345436,12.0,7.0,1.22
213,9,Wolverhampton Wanderers,Southampton,Draw,0.2878064188904455,0.32208564009159346,0.39010794101796054,1.8,3.6,4.5
212,9,Tottenham Hotspur,Watford,Draw,0.17152268187588682,0.24585622707902377,0.5826210910450894,1.4,5.0,7.5
211,9,Leicester City,Burnley,Home,0.2594794536551829,0.2677582023014709,0.4727623440433459,1.57,4.0,6.0
210,9,Chelsea,Newcastle United,Home,0.18820801089568723,0.17203618471182863,0.6397558043924838,1.3,5.5,10.0
209,9,Aston Villa,Brighton & Hove Albion,Home,0.20762012816727712,0.17935359600127743,0.6130262758314451,2.35,3.4,3.0
208,9,AFC Bournemouth,Norwich City,Draw,0.19902404877653246,0.33933300767324887,0.46164294355021857,1.72,4.2,4.2
207,9,Everton,West Ham United,Home,0.14995771829477625,0.21203556712462832,0.6380067145805953,1.95,3.75,3.75
215,9,Manchester United,Liverpool,Draw,0.39931839789294094,0.22935557373239351,0.3713260283746652,5.25,3.8,1.65
197,10,Southampton,Leicester City,Away,0.4864403745492525,0.22260080916578467,0.2909588162849627,3.1,3.4,2.3
200,10,Watford,AFC Bournemouth,Draw,0.23829727462494385,0.278788671642107,0.4829140537329492,2.15,3.6,3.25
201,10,West Ham United,Sheffield United,Draw,0.3104390682694944,0.387046316507009,0.3025146152234966,2.1,3.5,3.5
198,10,Manchester City,Aston Villa,Home,0.1383449510186864,0.13520003902403085,0.7264550099572823,1.08,11.0,26.0
203,10,Newcastle United,Wolverhampton Wanderers,Draw,0.2610005120377263,0.41900021344758764,0.31999927451468585,3.0,3.1,2.55
202,10,Burnley,Chelsea,Away,0.5675460653586708,0.21646542825737924,0.21598850638394945,4.5,4.0,1.72
206,10,Norwich City,Manchester United,Away,0.4111910574698158,0.27971292782228296,0.3090960147079011,4.33,4.0,1.75
199,10,Brighton & Hove Albion,Everton,Home,0.3438663990403783,0.27465575949737525,0.3814778414622463,2.9,3.25,2.5
204,10,Arsenal,Crystal Palace,Draw,0.24626337580784174,0.35760010245057133,0.39613652174158653,1.45,4.75,6.5
205,10,Liverpool,Tottenham Hotspur,Home,0.13211245571808808,0.17225225291824678,0.695635291363665,1.5,4.33,6.5
196,11,Everton,Tottenham Hotspur,Draw,0.277524120662479,0.27158061970074016,0.45089525963678073,2.7,3.4,2.6
195,11,Crystal Palace,Leicester City,Away,0.4682228119417669,0.23133623888104904,0.3004409491771838,3.5,3.4,2.1
194,11,Watford,Chelsea,Away,0.5795222517543376,0.2131506252353118,0.20732712301035022,5.0,4.33,1.61
193,11,West Ham United,Newcastle United,Away,0.29258961886747525,0.28770616523343384,0.4197042158990908,1.75,3.8,4.5
191,11,Manchester City,Southampton,Home,0.21423173293767678,0.16343020270373843,0.6223380643585847,1.07,13.0,23.0
190,11,Brighton & Hove Albion,Norwich City,Home,0.22761080547581647,0.2899286478083994,0.48246054671578426,1.72,4.2,4.33
189,11,Aston Villa,Liverpool,Away,0.6434854587250171,0.1411289575611911,0.21538558371379163,9.0,5.0,1.33
188,11,Arsenal,Wolverhampton Wanderers,Draw,0.28764942328407467,0.33926882150223603,0.3730817552136891,1.75,3.75,4.75
187,11,AFC Bournemouth,Manchester United,Home,0.2714408295543496,0.35456154052630073,0.3739976299193494,3.25,3.6,2.15
192,11,Sheffield United,Burnley,Home,0.37265562471049113,0.28875693449395706,0.33858744079555164,2.25,3.2,3.4
180,12,Newcastle United,AFC Bournemouth,Home,0.27855677577109555,0.26642666469739185,0.45501655953151243,2.55,3.25,2.8
177,12,Norwich City,Watford,Away,0.28417213477027603,0.19060507584377176,0.5252227893859522,2.7,3.5,2.55
178,12,Chelsea,Crystal Palace,Home,0.23593498592429532,0.19138405359820115,0.5726809604775034,1.33,5.0,10.0
179,12,Burnley,West Ham United,Home,0.22261146130511658,0.19167630283406864,0.5857122358608147,2.25,3.5,3.1
181,12,Southampton,Everton,Away,0.2584055335277484,0.23156031275965464,0.5100341537125971,2.9,3.3,2.45
183,12,Leicester City,Arsenal,Home,0.30760992578985924,0.20776483305827906,0.4846252411518615,2.0,3.75,3.5
184,12,Manchester United,Brighton & Hove Albion,Home,0.19660075442403233,0.2565720247988307,0.5468272207771367,1.6,3.75,6.5
185,12,Wolverhampton Wanderers,Aston Villa,Home,0.17848870496514363,0.2599513749769508,0.5615599200579058,1.9,3.5,4.2
186,12,Liverpool,Manchester City,Home,0.2641706719353264,0.1316890116005524,0.6041403164641213,2.5,3.6,2.62
182,12,Tottenham Hotspur,Sheffield United,Draw,0.31865720646890194,0.3593690204984574,0.32197377303264046,1.57,4.0,6.0
167,13,West Ham United,Tottenham Hotspur,Away,0.33628872335302945,0.21791770052254184,0.44579357612442877,4.2,4.33,1.7
168,13,AFC Bournemouth,Wolverhampton Wanderers,Away,0.36890376295077926,0.3219855929225931,0.30911064412662775,2.75,3.3,2.6
169,13,Arsenal,Southampton,Draw,0.32147584468044843,0.3590612906545418,0.31946286466500945,1.45,4.75,6.5
170,13,Brighton & Hove Albion,Leicester City,Away,0.5583624508097844,0.1583416126367375,0.28329593655347796,3.75,3.5,2.0
171,13,Crystal Palace,Liverpool,Away,0.6518528920168375,0.14805956695734004,0.2000875410258224,7.5,4.75,1.4
173,13,Watford,Burnley,Away,0.4108407091751428,0.24994531888161065,0.33921397194324654,2.3,3.4,3.1
174,13,Manchester City,Chelsea,Home,0.3573194495681518,0.1881010067559,0.4545795436759481,1.44,5.0,6.5
175,13,Sheffield United,Manchester United,Draw,0.3188324302120099,0.4135235243831361,0.26764404540485365,3.5,3.4,2.1
176,13,Aston Villa,Newcastle United,Home,0.24785052166005317,0.1715542893856684,0.5805951889542782,2.05,3.4,3.7
172,13,Everton,Norwich City,Away,0.20890140142133604,0.2196049915573564,0.5714936070213077,1.36,5.1,8.0
157,14,Newcastle United,Manchester City,Draw,0.5611213899022597,0.2149909180925274,0.22388769200521264,13.0,8.0,1.16
158,14,Burnley,Crystal Palace,Away,0.31900459276989723,0.3290426556746286,0.351952751555474,2.25,3.25,3.3
159,14,Chelsea,West Ham United,Away,0.22376439285213096,0.17401918307278358,0.6022164240750854,1.28,6.0,9.0
160,14,Liverpool,Brighton & Hove Albion,Home,0.09098521838430615,0.14777604232153338,0.7612387392941602,1.18,7.0,15.0
163,14,Norwich City,Arsenal,Draw,0.30398283680025057,0.37237165313412673,0.32364551006562264,4.0,4.33,1.75
162,14,Southampton,Watford,Home,0.1630099340575458,0.18699544119379738,0.6499946247486571,2.1,3.4,3.5
164,14,Wolverhampton Wanderers,Sheffield United,Draw,0.2663963158387274,0.3508862557867563,0.3827174283745159,1.9,3.5,4.2
165,14,Leicester City,Everton,Home,0.20865014860608216,0.2085543318792991,0.5827955195146184,1.61,4.0,5.25
166,14,Manchester United,Aston Villa,Draw,0.1699753960472712,0.2838979095711263,0.5461266943816024,1.45,4.5,7.0
161,14,Tottenham Hotspur,AFC Bournemouth,Home,0.1422865735053247,0.19403122018725324,0.6636822063074219,1.36,5.5,7.5
156,15,Arsenal,Brighton & Hove Albion,Away,0.23457837540270596,0.22378221534435241,0.5416394092529415,1.57,4.33,5.5
155,15,Sheffield United,Newcastle United,Away,0.24453392358569132,0.23242054601220688,0.5230455304021018,1.83,3.4,4.6
154,15,Liverpool,Everton,Home,0.12770976222895059,0.1072181918511838,0.7650720459198652,1.36,5.0,8.5
153,15,Southampton,Norwich City,Home,0.16664520055732834,0.20996175254560062,0.6233930468970713,1.72,4.0,4.2
152,15,Chelsea,Aston Villa,Home,0.1811547792064814,0.1754076078173512,0.6434376129761672,1.28,5.75,10.0
151,15,Manchester United,Tottenham Hotspur,Home,0.10053242282217217,0.2522673084497983,0.6472002687280294,2.75,3.4,2.55
150,15,Wolverhampton Wanderers,West Ham United,Home,0.17404312591890111,0.24507518210817875,0.5808816919729203,1.75,3.7,4.75
149,15,Leicester City,Watford,Home,0.14354433927499133,0.25027073799437954,0.6061849227306291,1.33,5.5,8.0
148,15,Burnley,Manchester City,Away,0.5401008494704579,0.23065832416123302,0.2292408263683089,11.0,7.0,1.22
147,15,Crystal Palace,AFC Bournemouth,Home,0.17168078557953909,0.22813167478693117,0.6001875396335299,2.2,3.4,3.25
146,16,West Ham United,Arsenal,Away,0.32545819594337244,0.32865092150884834,0.3458908825477791,3.3,4.0,2.0
144,16,Norwich City,Sheffield United,Away,0.42633305486142037,0.3210310174802106,0.25263592765836906,2.9,3.5,2.37
143,16,Newcastle United,Southampton,Home,0.36997673983829654,0.2759520412458324,0.35407121891587123,2.5,3.2,2.9
142,16,Aston Villa,Leicester City,Away,0.5317730089934484,0.20756490882442763,0.2606620821821239,4.33,3.8,1.8
141,16,Manchester City,Manchester United,Away,0.3455180798916133,0.20350730190937974,0.45097461819900686,1.3,5.5,10.0
140,16,Watford,Crystal Palace,Draw,0.4270649494964407,0.3514105093436921,0.2215245411598669,2.37,3.3,3.1
139,16,Tottenham Hotspur,Burnley,Home,0.29610091353575585,0.28796752917100304,0.41593155729324094,1.4,4.75,8.0
138,16,AFC Bournemouth,Liverpool,Away,0.6001511224174372,0.14848024849761016,0.25136862908495256,7.0,5.25,1.4
137,16,Everton,Chelsea,Home,0.4166891794296859,0.2568229576523239,0.32648786291799003,3.5,3.75,2.0
145,16,Brighton & Hove Albion,Wolverhampton Wanderers,Draw,0.26245311719579933,0.4057580440099578,0.3317888387942428,2.62,3.1,2.87
127,17,Liverpool,Watford,Home,0.1328282427145586,0.14557013232725016,0.7216016249581911,1.16,7.5,17.0
128,17,Burnley,Newcastle United,Home,0.19447248124619634,0.23194542109613484,0.5735820976576688,1.95,3.4,4.0
130,17,Leicester City,Norwich City,Draw,0.13195867281094165,0.24753078943958542,0.6205105377494728,1.22,6.5,13.0
131,17,Sheffield United,Aston Villa,Home,0.20369742541109226,0.17275539559201397,0.6235471789968935,1.85,3.75,4.2
129,17,Chelsea,AFC Bournemouth,Away,0.22267595631230994,0.22395806910640906,0.5533659745812808,1.25,6.0,12.0
133,17,Manchester United,Everton,Draw,0.19005399057282787,0.33925431533021366,0.47069169409695844,1.8,3.7,4.5
136,17,Crystal Palace,Brighton & Hove Albion,Draw,0.19715767989182112,0.3242257532881561,0.47861656682002285,2.55,3.25,2.87
134,17,Wolverhampton Wanderers,Tottenham Hotspur,Away,0.2882713616270867,0.28228704497481655,0.42944159339809673,3.25,3.4,2.25
135,17,Arsenal,Manchester City,Away,0.5519538897759455,0.16688851011178182,0.28115760011227214,6.0,5.25,1.44
132,17,Southampton,West Ham United,Away,0.288143902133982,0.20883563872913347,0.5030204591368846,1.9,3.8,3.8
118,18,Everton,Arsenal,Draw,0.31804167570665465,0.3937680859330131,0.28819023836033214,2.3,3.8,2.87
119,18,AFC Bournemouth,Burnley,Away,0.4398311376800111,0.23478880448438308,0.3253800578356055,2.4,3.4,2.9
120,18,Aston Villa,Southampton,Away,0.44468703922632424,0.2593125230547224,0.2960004377189531,2.4,3.6,2.8
121,18,Newcastle United,Crystal Palace,Home,0.2694940392959483,0.3045344721049852,0.4259714885990663,2.37,3.1,3.25
122,18,Norwich City,Wolverhampton Wanderers,Away,0.3230528126688015,0.3712759894035536,0.3056711979276448,3.75,3.8,1.9
124,18,Watford,Manchester United,Home,0.362880383817218,0.2484380582089678,0.3886815579738142,4.33,4.0,1.75
125,18,Tottenham Hotspur,Chelsea,Away,0.5302494950878631,0.2330003237874173,0.23675018112471907,2.37,3.75,2.75
126,18,West Ham United,Liverpool,Away,0.5750437358498641,0.18816612469895935,0.23679013945117627,8.5,5.5,1.33
123,18,Manchester City,Leicester City,Home,0.3378718402999936,0.1482746317799062,0.5138535279201005,1.36,5.25,7.5
108,19,Tottenham Hotspur,Brighton & Hove Albion,Home,0.12913643369928884,0.22267051431382087,0.6481930519868899,1.53,4.33,6.0
111,19,Chelsea,Southampton,Away,0.2904730883550911,0.23820188784193433,0.4713250238029746,1.33,5.25,9.0
110,19,Aston Villa,Norwich City,Home,0.21813156219159882,0.20168224651396083,0.5801861912944402,2.1,3.75,3.3
112,19,Crystal Palace,West Ham United,Home,0.18178804435634732,0.23671042794182903,0.5815015277018238,2.3,3.4,3.1
109,19,AFC Bournemouth,Arsenal,Draw,0.33728413353394465,0.3570746772178234,0.30564118924823197,3.5,3.9,1.95
114,19,Sheffield United,Watford,Draw,0.1941923762581308,0.317818321148917,0.4879893025929524,1.83,3.6,4.33
117,19,Wolverhampton Wanderers,Manchester City,Home,0.5890997068557321,0.14078814817420282,0.2701121449700648,8.5,5.0,1.36
113,19,Everton,Burnley,Home,0.28086050269059,0.2720152026302278,0.44712429467918197,1.7,3.75,5.0
115,19,Manchester United,Newcastle United,Home,0.14565820009164068,0.23891987987340638,0.6154219200349526,1.33,5.25,9.0
116,19,Leicester City,Liverpool,Away,0.5427183139520733,0.1389184868688999,0.31836319917902695,3.4,3.75,2.05
107,20,Liverpool,Wolverhampton Wanderers,Home,0.19066289644532397,0.15473640357165322,0.6546006999830228,1.25,5.75,12.0
106,20,Arsenal,Chelsea,Away,0.5105152099523331,0.20270019302582884,0.28678459702183773,2.87,3.75,2.3
105,20,Burnley,Manchester United,Away,0.35834890604275293,0.3489655940807564,0.29268549987649023,4.33,3.75,1.8
104,20,West Ham United,Leicester City,Away,0.5318391975335984,0.21572662511988966,0.25243417734651197,4.0,3.9,1.83
102,20,Watford,Aston Villa,Home,0.19344372187107609,0.2274074407752471,0.5791488373536768,1.95,3.8,3.6
101,20,Southampton,Crystal Palace,Draw,0.2567410455229842,0.3709188433491652,0.37234011112785054,1.95,3.6,3.8
100,20,Newcastle United,Everton,Away,0.33697820764133574,0.3089910441057845,0.3540307482528795,3.6,3.4,2.05
99,20,Brighton & Hove Albion,AFC Bournemouth,Home,0.30398035818350244,0.19693097487022676,0.49908866694627074,1.75,3.9,4.33
103,20,Norwich City,Tottenham Hotspur,Draw,0.2986162342355215,0.29312139951148386,0.4082623662529945,5.0,4.0,1.66
92,21,Southampton,Tottenham Hotspur,Home,0.22500474393843273,0.2154762516802008,0.5595190043813661,3.3,3.5,2.1
89,21,Brighton & Hove Albion,Chelsea,Draw,0.492258875404222,0.2957842749596965,0.2119568496360812,3.6,3.6,1.95
90,21,Burnley,Aston Villa,Away,0.2864966790438922,0.2602586795294281,0.4532446414266797,1.75,3.8,4.33
91,21,Newcastle United,Leicester City,Away,0.6215485524578847,0.15776792641677725,0.22068352112533796,5.0,3.8,1.66
93,21,Watford,Wolverhampton Wanderers,Home,0.2865283346378387,0.3764738280385958,0.3369978373235653,3.0,3.4,2.3
95,21,Norwich City,Crystal Palace,Draw,0.33517740231657406,0.446319101627506,0.21850349605591954,2.5,3.4,2.75
96,21,West Ham United,AFC Bournemouth,Home,0.2371759758640337,0.23602865964501213,0.5267953644909542,1.9,3.75,3.8
97,21,Arsenal,Manchester United,Home,0.37373303340838787,0.24219172349769302,0.38407524309391916,2.55,3.6,2.62
98,21,Liverpool,Sheffield United,Home,0.16561102716013873,0.14602577838694983,0.6883631944529114,1.2,6.5,13.0
94,21,Manchester City,Everton,Home,0.22679953060970656,0.2012896493917716,0.5719108199985213,1.25,6.5,10.0
79,22,Sheffield United,West Ham United,Home,0.15277938727661347,0.18313693910148726,0.6640836736218992,1.95,3.4,4.0
80,22,Crystal Palace,Arsenal,Draw,0.3123075899085379,0.42433854590064013,0.2633538641908214,4.1,3.9,1.8
81,22,Chelsea,Burnley,Home,0.29670363136494693,0.2205404610906822,0.48275590754437075,1.28,5.5,11.0
82,22,Everton,Brighton & Hove Albion,Home,0.183303250626051,0.3170106496285336,0.49968609974541506,1.85,3.8,4.0
83,22,Leicester City,Southampton,Away,0.3321910129496573,0.18471339056411235,0.4830955964862303,1.6,4.0,5.5
85,22,Wolverhampton Wanderers,Newcastle United,Draw,0.25940836418867785,0.2978749977839228,0.4427166380273993,1.44,4.5,7.5
86,22,Tottenham Hotspur,Liverpool,Away,0.6231048577938882,0.16466720496957216,0.21222793723653932,4.5,4.33,1.66
87,22,AFC Bournemouth,Watford,Away,0.2728213580482015,0.19304587928673325,0.5341327626650653,2.6,3.3,2.7
88,22,Aston Villa,Manchester City,Away,0.5903315876609939,0.19253354698884959,0.2171348653501561,13.0,8.5,1.16
84,22,Manchester United,Norwich City,Home,0.11199978166404816,0.1613865001324373,0.7266137182035144,1.33,5.25,8.5
69,23,Watford,Tottenham Hotspur,Draw,0.24685443630840645,0.3543932362471533,0.3987523274444402,3.25,3.5,2.2
70,23,Arsenal,Sheffield United,Draw,0.34801004625115056,0.41708782132311806,0.2349021324257309,1.83,3.6,4.33
71,23,Brighton & Hove Albion,Aston Villa,Draw,0.22919298184528128,0.28768514029788445,0.4831218778568342,1.66,4.0,5.0
73,23,Norwich City,AFC Bournemouth,Home,0.2179322962534248,0.24709102777097716,0.5349766759755981,2.2,3.5,3.25
72,23,Manchester City,Crystal Palace,Draw,0.20262215261886038,0.23497569652044803,0.5624021508606915,1.1,11.0,19.0
75,23,West Ham United,Everton,Draw,0.23129509516100233,0.3715699550007232,0.3971349498382746,2.9,3.5,2.37
76,23,Newcastle United,Chelsea,Home,0.4609676721354387,0.22321128037812504,0.315821047486436,6.0,4.5,1.5
77,23,Burnley,Leicester City,Home,0.4084493794766313,0.2571083151930461,0.3344423053303221,4.33,3.75,1.83
78,23,Liverpool,Manchester United,Home,0.2385589752597597,0.17089758009380066,0.5905434446464397,1.36,5.25,8.0
74,23,Southampton,Wolverhampton Wanderers,Away,0.4756059976789829,0.2912925444602694,0.23310145786074746,2.4,3.4,3.0
59,24,AFC Bournemouth,Brighton & Hove Albion,Home,0.16545546300985736,0.2610743486035275,0.573470188386615,2.87,3.4,2.45
60,24,Aston Villa,Watford,Home,0.20283015767158846,0.27882673054483803,0.5183431117835734,2.8,3.5,2.45
61,24,Everton,Newcastle United,Draw,0.18823711564441467,0.258313846040632,0.5534490383149531,1.55,4.1,6.0
62,24,Sheffield United,Manchester City,Away,0.5062561235151002,0.23745792247630748,0.256285954008592,7.0,5.0,1.4
63,24,Crystal Palace,Southampton,Away,0.44095549051258737,0.26861732755743434,0.29042718192997796,2.7,3.25,2.7
64,24,Chelsea,Arsenal,Draw,0.27940743267202456,0.28974632910113685,0.43084623822683854,1.72,3.9,4.5
65,24,Leicester City,West Ham United,Home,0.1487685341921401,0.190260834602499,0.6609706312053606,1.53,4.33,6.0
66,24,Tottenham Hotspur,Norwich City,Home,0.22016993212697977,0.2599349072917839,0.5198951605812362,1.4,5.0,7.5
67,24,Manchester United,Burnley,Away,0.29736590144636094,0.31612415238204433,0.3865099461715948,1.36,4.75,9.0
68,24,Wolverhampton Wanderers,Liverpool,Away,0.6047589400181442,0.13526048959000772,0.25998057039184774,5.75,3.8,1.61
49,25,Leicester City,Chelsea,Draw,0.3676553104407966,0.29788316177282953,0.3344615277863736,2.5,3.6,2.7
50,25,AFC Bournemouth,Aston Villa,Home,0.28288291703637247,0.25806924910091467,0.45904783386271264,2.1,3.6,3.3
51,25,Crystal Palace,Sheffield United,Away,0.45419388365310226,0.27264949516963677,0.2731566211772609,3.1,3.1,2.5
52,25,Liverpool,Southampton,Home,0.19954860973970667,0.14495232944334677,0.6554990608169465,1.25,6.0,12.0
53,25,Newcastle United,Norwich City,Draw,0.1763604743648736,0.3106758234148158,0.5129637022203105,2.2,3.4,3.3
54,25,Watford,Everton,Away,0.39436152025341903,0.24279361241601977,0.362844867330561,2.75,3.3,2.62
55,25,West Ham United,Brighton & Hove Albion,Draw,0.25558186897847596,0.2870258956593304,0.45739223536219364,2.6,3.3,2.75
56,25,Manchester United,Wolverhampton Wanderers,Draw,0.29362232423153495,0.32891964090939724,0.37745803485906776,2.25,3.25,3.4
57,25,Burnley,Arsenal,Draw,0.2951165170014452,0.3953765978591832,0.3095068851393712,3.6,3.6,2.0
58,25,Tottenham Hotspur,Manchester City,Home,0.44376878160698446,0.18211061658284083,0.37412060181017465,5.5,4.6,1.53
39,26,Everton,Crystal Palace,Home,0.31071560206936844,0.2991580245687895,0.39012637336184197,1.61,3.8,6.0
40,26,Brighton & Hove Albion,Watford,Draw,0.19763247582665078,0.3565791018151982,0.44578842235815097,2.1,3.4,3.6
41,26,Sheffield United,AFC Bournemouth,Home,0.1306052852182683,0.1696707333721611,0.6997239814095704,1.66,3.6,5.75
42,26,Wolverhampton Wanderers,Leicester City,Draw,0.4067943031919935,0.293923507385143,0.29928218942286317,2.5,3.3,2.87
43,26,Southampton,Burnley,Away,0.42980396886615524,0.28204626803621174,0.288149763097633,1.75,3.8,4.75
44,26,Norwich City,Liverpool,Away,0.5644977086485097,0.21747116345540562,0.21803112789608436,11.0,6.25,1.25
45,26,Aston Villa,Tottenham Hotspur,Away,0.26292069350727315,0.2699056762104779,0.4671736302822487,4.0,3.8,1.85
46,26,Arsenal,Newcastle United,Home,0.1157960004250607,0.20964038125344492,0.6745636183214941,1.4,4.75,8.0
47,26,Chelsea,Manchester United,Away,0.3436385312701617,0.2801984762711386,0.37616299245869944,1.85,3.5,4.5
48,26,Manchester City,West Ham United,Home,0.153003567202682,0.13441909640723382,0.712577336390084,1.12,9.5,17.0
29,27,Chelsea,Tottenham Hotspur,Home,0.12819229247230576,0.21230919005881724,0.6594985174688769,1.72,4.0,4.5
30,27,Burnley,AFC Bournemouth,Home,0.1452831559859887,0.13442673571916972,0.7202901082948415,2.1,3.3,3.7
31,27,Crystal Palace,Newcastle United,Home,0.24188702140795923,0.24458902609782843,0.5135239524942122,1.95,3.4,4.2
32,27,Sheffield United,Brighton & Hove Albion,Draw,0.1343218738105393,0.2214775677508462,0.6442005584386142,1.95,3.4,4.2
36,27,Wolverhampton Wanderers,Norwich City,Home,0.23917912819815218,0.19140703738557455,0.5694138344162731,1.5,4.2,7.0
34,27,Leicester City,Manchester City,Away,0.5450803846366907,0.1594137425066459,0.29550587285666335,4.5,4.2,1.7
35,27,Manchester United,Watford,Home,0.1295406052991945,0.1755653284154523,0.6948940662853529,1.6,3.9,6.0
37,27,Arsenal,Everton,Home,0.1532400155546782,0.24771950531279718,0.5990404791325243,2.0,3.6,3.7
38,27,Liverpool,West Ham United,Home,0.10375394431826512,0.1775105754187918,0.7187354802629429,1.16,8.0,15.0
33,27,Southampton,Aston Villa,Home,0.1864051880741959,0.16678668656292397,0.6468081253628803,1.61,4.33,5.0
19,28,Norwich City,Leicester City,Home,0.377209080600328,0.2405529450953277,0.38223797430434425,4.33,4.1,1.72
20,28,Brighton & Hove Albion,Crystal Palace,Away,0.36856032562364743,0.3291575494834988,0.3022821248928538,2.05,3.25,3.9
21,28,AFC Bournemouth,Chelsea,Draw,0.4850854393940746,0.28588292369906676,0.22903163690685852,4.75,3.8,1.72
22,28,Newcastle United,Burnley,Draw,0.30413838693390977,0.37981625572724037,0.31604535733884964,2.62,3.1,2.9
23,28,West Ham United,Southampton,Home,0.3955927286519204,0.30103750139320573,0.3033697699548739,2.65,3.6,2.5
24,28,Watford,Liverpool,Home,0.5462067950097784,0.1744789983364476,0.2793142066537739,8.0,4.75,1.4
25,28,Everton,Manchester United,Draw,0.33845262920352437,0.361703360453014,0.2998440103434616,2.5,3.25,2.9
26,28,Tottenham Hotspur,Wolverhampton Wanderers,Away,0.37053365491463786,0.3232127233742375,0.3062536217111247,2.45,3.2,3.0
27,28,Aston Villa,Sheffield United,Draw,0.2943177190017973,0.4125652106303514,0.293117070367851,3.2,3.4,2.25
28,28,Manchester City,Arsenal,Home,0.20268429058243384,0.20034947908763104,0.5969662303299348,1.36,5.25,7.5
9,29,Liverpool,AFC Bournemouth,Home,0.10979128293143198,0.13294315187122246,0.7572655651973451,1.22,6.5,13.0
10,29,Arsenal,West Ham United,Home,0.1257706011349646,0.14284483294446745,0.731384565920568,1.57,4.4,5.5
11,29,Crystal Palace,Watford,Home,0.20533796482707398,0.18007308674470884,0.6145889484282169,2.55,3.2,2.9
12,29,Sheffield United,Norwich City,Home,0.16876985326404004,0.2969122869761967,0.5343178597597633,1.65,3.75,5.75
16,29,Chelsea,Everton,Home,0.17738894459978152,0.23859211555524673,0.5840189398449716,1.8,3.9,4.2
14,29,Wolverhampton Wanderers,Brighton & Hove Albion,Draw,0.18510848033674543,0.3208192012167073,0.49407231844654725,1.61,3.9,5.75
15,29,Burnley,Tottenham Hotspur,Draw,0.25166052694307367,0.3069363536459505,0.44140311941097576,2.7,3.3,2.62
17,29,Manchester United,Manchester City,Home,0.5436072654914202,0.15969276345091524,0.29669997105766416,5.0,4.33,1.6
18,29,Leicester City,Aston Villa,Home,0.2055663421356641,0.25497772254608003,0.5394559353182558,1.36,5.25,8.0
13,29,Southampton,Newcastle United,Away,0.2997038383257518,0.2336994359483539,0.4665967257258942,1.61,4.1,5.25
8,30,Everton,Liverpool,Draw,0.5910310197372229,0.19990349195293014,0.20906548830984661,6.0,4.2,1.55
7,30,Aston Villa,Chelsea,Away,0.4637760812924406,0.2591598510138347,0.27706406769372455,6.0,4.5,1.5
6,30,Newcastle United,Sheffield United,Home,0.23362068566876337,0.33515354541496245,0.431225768916274,3.3,3.1,2.37
5,30,AFC Bournemouth,Crystal Palace,Away,0.32049844825332885,0.40587876420811075,0.27362278753856,2.45,3.2,3.0
4,30,West Ham United,Wolverhampton Wanderers,Away,0.4552008171186372,0.2811225379391377,0.263676644942225,3.6,3.4,2.1
3,30,Brighton & Hove Albion,Arsenal,Home,0.3147121421074936,0.29364764725887266,0.3916402106336336,3.1,3.25,2.37
2,30,Watford,Leicester City,Draw,0.4890755851507195,0.30395512300503696,0.20696929184424295,3.6,3.5,2.05
1,30,Tottenham Hotspur,Manchester United,Draw,0.362354525522867,0.3396234981454614,0.29802197633167166,3.0,3.4,2.37
0,30,Norwich City,Southampton,Away,0.49957836346258644,0.27361351558300007,0.22680812095441316,2.8,3.5,2.45
